Timestamp,Brother PSU ID (THE ONE WITH THE LETTERS LIKE abc1234),Shashank Bommareddy /ssb5543,Did you meet this rush?,Did Shashank Bommareddy  act appropriately in the given environment?,Did Shashank Bommareddy  have goals and aspirations? (did they seem motivated or passionate talking about an experience/anything),Did you enjoy talking to Shashank Bommareddy ? (would you have continued the conversation if time didn’t go up/was the rush dry),"Would Shashank Bommareddy  be a good addition to the network of akpsi? (will they help with future pledge classes, will they be involved)?",Add any additional comments you may have on Shashank Bommareddy ,Kenny Ashton/kja5626,Did you meet this rush?,Did Kenny Ashton act appropriately in the given environment?,Did Kenny Ashton have goals and aspirations? (did they seem motivated or passionate talking about an experience/anything),Did you enjoy talking to Kenny Ashton? (would you have continued the conversation if time didn’t go up/was the rush dry),"Would Kenny Ashton be a good addition to the network of akpsi? (will they help with future pledge classes, will they be involved)?",Add any additional comments you may have on Kenny Ashton,Maanya Devaprasad /mbd5817,Did you meet this rush?,Did Maanya Devaprasad  act appropriately in the given environment?,Did Maanya Devaprasad  have goals and aspirations? (did they seem motivated or passionate talking about an experience/anything),Did you enjoy talking to Maanya Devaprasad ? (would you have continued the conversation if time didn’t go up/was the rush dry),"Would Maanya Devaprasad  be a good addition to the network of akpsi? (will they help with future pledge classes, will they be involved)?",Add any additional comments you may have on Maanya Devaprasad ,Dominic Perniciaro /dqp5537,Did you meet this rush?,Did Dominic Perniciaro  act appropriately in the given environment?,Did Dominic Perniciaro  have goals and aspirations? (did they seem motivated or passionate talking about an experience/anything),Did you enjoy talking to Dominic Perniciaro ? (would you have continued the conversation if time didn’t go up/was the rush dry),"Would Dominic Perniciaro  be a good addition to the network of akpsi? (will they help with future pledge classes, will they be involved)?",Add any additional comments you may have on Dominic Perniciaro ,Palmer Moore/pdm5318,Did you meet this rush?,Did Palmer Moore act appropriately in the given environment?,Did Palmer Moore have goals and aspirations? (did they seem motivated or passionate talking about an experience/anything),Did you enjoy talking to Palmer Moore? (would you have continued the conversation if time didn’t go up/was the rush dry),"Would Palmer Moore be a good addition to the network of akpsi? (will they help with future pledge classes, will they be involved)?",Add any additional comments you may have on Palmer Moore,Sean Gordon/smg7139,Did you meet this rush?,Did Sean Gordon act appropriately in the given environment?,Did Sean Gordon have goals and aspirations? (did they seem motivated or passionate talking about an experience/anything),Did you enjoy talking to Sean Gordon? (would you have continued the conversation if time didn’t go up/was the rush dry),"Would Sean Gordon be a good addition to the network of akpsi? (will they help with future pledge classes, will they be involved)?",Add any additional comments you may have on Sean Gordon,Morgan Overman/mjo5631,Did you meet this rush?,Did Morgan Overman act appropriately in the given environment?,Did Morgan Overman have goals and aspirations? (did they seem motivated or passionate talking about an experience/anything),Did you enjoy talking to Morgan Overman? (would you have continued the conversation if time didn’t go up/was the rush dry),"Would Morgan Overman be a good addition to the network of akpsi? (will they help with future pledge classes, will they be involved)?",Add any additional comments you may have on Morgan Overman,Joaquin Moreno/jkm6591,Did you meet this rush?,Did Joaquin Moreno act appropriately in the given environment?,Did Joaquin Moreno have goals and aspirations? (did they seem motivated or passionate talking about an experience/anything),Did you enjoy talking to Joaquin Moreno? (would you have continued the conversation if time didn’t go up/was the rush dry),"Would Joaquin Moreno be a good addition to the network of akpsi? (will they help with future pledge classes, will they be involved)?",Add any additional comments you may have on Joaquin Moreno,Daniela Diaz /dad6032,Did you meet this rush?,Did Daniela Diaz  act appropriately in the given environment?,Did Daniela Diaz  have goals and aspirations? (did they seem motivated or passionate talking about an experience/anything),Did you enjoy talking to Daniela Diaz ? (would you have continued the conversation if time didn’t go up/was the rush dry),"Would Daniela Diaz  be a good addition to the network of akpsi? (will they help with future pledge classes, will they be involved)?",Add any additional comments you may have on Daniela Diaz ,Andrew Thomson /abt5703,Did you meet this rush?,Did Andrew Thomson  act appropriately in the given environment?,Did Andrew Thomson  have goals and aspirations? (did they seem motivated or passionate talking about an experience/anything),Did you enjoy talking to Andrew Thomson ? (would you have continued the conversation if time didn’t go up/was the rush dry),"Would Andrew Thomson  be a good addition to the network of akpsi? (will they help with future pledge classes, will they be involved)?",Add any additional comments you may have on Andrew Thomson ,Ryan Berensteyn /rpb5908,Did you meet this rush?,Did Ryan Berensteyn  act appropriately in the given environment?,Did Ryan Berensteyn  have goals and aspirations? (did they seem motivated or passionate talking about an experience/anything),Did you enjoy talking to Ryan Berensteyn ? (would you have continued the conversation if time didn’t go up/was the rush dry),"Would Ryan Berensteyn  be a good addition to the network of akpsi? (will they help with future pledge classes, will they be involved)?",Add any additional comments you may have on Ryan Berensteyn ,Gabe Marshall/gvm5436,Did you meet this rush?,Did Gabe Marshall act appropriately in the given environment?,Did Gabe Marshall have goals and aspirations? (did they seem motivated or passionate talking about an experience/anything),Did you enjoy talking to Gabe Marshall? (would you have continued the conversation if time didn’t go up/was the rush dry),"Would Gabe Marshall be a good addition to the network of akpsi? (will they help with future pledge classes, will they be involved)?",Add any additional comments you may have on Gabe Marshall,Melissa Pham/mzp5850,Did you meet this rush?,Did Melissa Pham act appropriately in the given environment?,Did Melissa Pham have goals and aspirations? (did they seem motivated or passionate talking about an experience/anything),Did you enjoy talking to Melissa Pham? (would you have continued the conversation if time didn’t go up/was the rush dry),"Would Melissa Pham be a good addition to the network of akpsi? (will they help with future pledge classes, will they be involved)?",Add any additional comments you may have on Melissa Pham,William Rymes/whr5086,Did you meet this rush?,Did William Rymes act appropriately in the given environment?,Did William Rymes have goals and aspirations? (did they seem motivated or passionate talking about an experience/anything),Did you enjoy talking to William Rymes? (would you have continued the conversation if time didn’t go up/was the rush dry),"Would William Rymes be a good addition to the network of akpsi? (will they help with future pledge classes, will they be involved)?",Add any additional comments you may have on William Rymes,Raj Dargar/rbd5439,Did you meet this rush?,Did Raj Dargar act appropriately in the given environment?,Did Raj Dargar have goals and aspirations? (did they seem motivated or passionate talking about an experience/anything),Did you enjoy talking to Raj Dargar? (would you have continued the conversation if time didn’t go up/was the rush dry),"Would Raj Dargar be a good addition to the network of akpsi? (will they help with future pledge classes, will they be involved)?",Add any additional comments you may have on Raj Dargar,Ivan Cheung /Ikc5151,Did you meet this rush?,Did Ivan Cheung  act appropriately in the given environment?,Did Ivan Cheung  have goals and aspirations? (did they seem motivated or passionate talking about an experience/anything),Did you enjoy talking to Ivan Cheung ? (would you have continued the conversation if time didn’t go up/was the rush dry),"Would Ivan Cheung  be a good addition to the network of akpsi? (will they help with future pledge classes, will they be involved)?",Add any additional comments you may have on Ivan Cheung ,Mackenzie Brannon/mpb6381,Did you meet this rush?,Did Mackenzie Brannon act appropriately in the given environment?,Did Mackenzie Brannon have goals and aspirations? (did they seem motivated or passionate talking about an experience/anything),Did you enjoy talking to Mackenzie Brannon? (would you have continued the conversation if time didn’t go up/was the rush dry),"Would Mackenzie Brannon be a good addition to the network of akpsi? (will they help with future pledge classes, will they be involved)?",Add any additional comments you may have on Mackenzie Brannon,Sohum Shankar/sjs7981,Did you meet this rush?,Did Sohum Shankar act appropriately in the given environment?,Did Sohum Shankar have goals and aspirations? (did they seem motivated or passionate talking about an experience/anything),Did you enjoy talking to Sohum Shankar? (would you have continued the conversation if time didn’t go up/was the rush dry),"Would Sohum Shankar be a good addition to the network of akpsi? (will they help with future pledge classes, will they be involved)?",Add any additional comments you may have on Sohum Shankar,Khushi Velani/kqv5186,Did you meet this rush?,Did Khushi Velani act appropriately in the given environment?,Did Khushi Velani have goals and aspirations? (did they seem motivated or passionate talking about an experience/anything),Did you enjoy talking to Khushi Velani? (would you have continued the conversation if time didn’t go up/was the rush dry),"Would Khushi Velani be a good addition to the network of akpsi? (will they help with future pledge classes, will they be involved)?",Add any additional comments you may have on Khushi Velani,Emily Karimbakas /enk5191,Did you meet this rush?,Did Emily Karimbakas  act appropriately in the given environment?,Did Emily Karimbakas  have goals and aspirations? (did they seem motivated or passionate talking about an experience/anything),Did you enjoy talking to Emily Karimbakas ? (would you have continued the conversation if time didn’t go up/was the rush dry),"Would Emily Karimbakas  be a good addition to the network of akpsi? (will they help with future pledge classes, will they be involved)?",Add any additional comments you may have on Emily Karimbakas ,Greyson Bayer/gkb5314,Did you meet this rush?,Did Greyson Bayer act appropriately in the given environment?,Did Greyson Bayer have goals and aspirations? (did they seem motivated or passionate talking about an experience/anything),Did you enjoy talking to Greyson Bayer? (would you have continued the conversation if time didn’t go up/was the rush dry),"Would Greyson Bayer be a good addition to the network of akpsi? (will they help with future pledge classes, will they be involved)?",Add any additional comments you may have on Greyson Bayer,Sam Marshall/spm6719,Did you meet this rush?,Did Sam Marshall act appropriately in the given environment?,Did Sam Marshall have goals and aspirations? (did they seem motivated or passionate talking about an experience/anything),Did you enjoy talking to Sam Marshall? (would you have continued the conversation if time didn’t go up/was the rush dry),"Would Sam Marshall be a good addition to the network of akpsi? (will they help with future pledge classes, will they be involved)?",Add any additional comments you may have on Sam Marshall,Jake Licata/jbl6429,Did you meet this rush?,Did Jake Licata act appropriately in the given environment?,Did Jake Licata have goals and aspirations? (did they seem motivated or passionate talking about an experience/anything),Did you enjoy talking to Jake Licata? (would you have continued the conversation if time didn’t go up/was the rush dry),"Would Jake Licata be a good addition to the network of akpsi? (will they help with future pledge classes, will they be involved)?",Add any additional comments you may have on Jake Licata,Max Aurilio/mqa5972,Did you meet this rush?,Did Max Aurilio act appropriately in the given environment?,Did Max Aurilio have goals and aspirations? (did they seem motivated or passionate talking about an experience/anything),Did you enjoy talking to Max Aurilio? (would you have continued the conversation if time didn’t go up/was the rush dry),"Would Max Aurilio be a good addition to the network of akpsi? (will they help with future pledge classes, will they be involved)?",Add any additional comments you may have on Max Aurilio,Aidan Miller/alm7368,Did you meet this rush?,Did Aidan Miller act appropriately in the given environment?,Did Aidan Miller have goals and aspirations? (did they seem motivated or passionate talking about an experience/anything),Did you enjoy talking to Aidan Miller? (would you have continued the conversation if time didn’t go up/was the rush dry),"Would Aidan Miller be a good addition to the network of akpsi? (will they help with future pledge classes, will they be involved)?",Add any additional comments you may have on Aidan Miller,Baaz Misra/bbm5449,Did you meet this rush?,Did Baaz Misra act appropriately in the given environment?,Did Baaz Misra have goals and aspirations? (did they seem motivated or passionate talking about an experience/anything),Did you enjoy talking to Baaz Misra? (would you have continued the conversation if time didn’t go up/was the rush dry),"Would Baaz Misra be a good addition to the network of akpsi? (will they help with future pledge classes, will they be involved)?",Add any additional comments you may have on Baaz Misra,Pilar Medrano/pxv5101,Did you meet this rush?,Did Pilar Medrano act appropriately in the given environment?,Did Pilar Medrano have goals and aspirations? (did they seem motivated or passionate talking about an experience/anything),Did you enjoy talking to Pilar Medrano? (would you have continued the conversation if time didn’t go up/was the rush dry),"Would Pilar Medrano be a good addition to the network of akpsi? (will they help with future pledge classes, will they be involved)?",Add any additional comments you may have on Pilar Medrano,Luke Zoll/lqz5233,Did you meet this rush?,Did Luke Zoll act appropriately in the given environment?,Did Luke Zoll have goals and aspirations? (did they seem motivated or passionate talking about an experience/anything),Did you enjoy talking to Luke Zoll? (would you have continued the conversation if time didn’t go up/was the rush dry),"Would Luke Zoll be a good addition to the network of akpsi? (will they help with future pledge classes, will they be involved)?",Add any additional comments you may have on Luke Zoll,Anshu Nunemunthala/axn5433,Did you meet this rush?,Did Anshu Nunemunthala act appropriately in the given environment?,Did Anshu Nunemunthala have goals and aspirations? (did they seem motivated or passionate talking about an experience/anything),Did you enjoy talking to Anshu Nunemunthala? (would you have continued the conversation if time didn’t go up/was the rush dry),"Would Anshu Nunemunthala be a good addition to the network of akpsi? (will they help with future pledge classes, will they be involved)?",Add any additional comments you may have on Anshu Nunemunthala,Michael Snyder/mjs8900,Did you meet this rush?,Did Michael Snyder act appropriately in the given environment?,Did Michael Snyder have goals and aspirations? (did they seem motivated or passionate talking about an experience/anything),Did you enjoy talking to Michael Snyder? (would you have continued the conversation if time didn’t go up/was the rush dry),"Would Michael Snyder be a good addition to the network of akpsi? (will they help with future pledge classes, will they be involved)?",Add any additional comments you may have on Michael Snyder,Ameya Deo /avd6086,Did you meet this rush?,Did Ameya Deo  act appropriately in the given environment?,Did Ameya Deo  have goals and aspirations? (did they seem motivated or passionate talking about an experience/anything),Did you enjoy talking to Ameya Deo ? (would you have continued the conversation if time didn’t go up/was the rush dry),"Would Ameya Deo  be a good addition to the network of akpsi? (will they help with future pledge classes, will they be involved)?",Add any additional comments you may have on Ameya Deo ,Jordan Brown/jeb6708,Did you meet this rush?,Did Jordan Brown act appropriately in the given environment?,Did Jordan Brown have goals and aspirations? (did they seem motivated or passionate talking about an experience/anything),Did you enjoy talking to Jordan Brown? (would you have continued the conversation if time didn’t go up/was the rush dry),"Would Jordan Brown be a good addition to the network of akpsi? (will they help with future pledge classes, will they be involved)?",Add any additional comments you may have on Jordan Brown,Sachin Jain/sfj5356,Did you meet this rush?,Did Sachin Jain act appropriately in the given environment?,Did Sachin Jain have goals and aspirations? (did they seem motivated or passionate talking about an experience/anything),Did you enjoy talking to Sachin Jain? (would you have continued the conversation if time didn’t go up/was the rush dry),"Would Sachin Jain be a good addition to the network of akpsi? (will they help with future pledge classes, will they be involved)?",Add any additional comments you may have on Sachin Jain,Kate Robertson/ker5770,Did you meet this rush?,Did Kate Robertson act appropriately in the given environment?,Did Kate Robertson have goals and aspirations? (did they seem motivated or passionate talking about an experience/anything),Did you enjoy talking to Kate Robertson? (would you have continued the conversation if time didn’t go up/was the rush dry),"Would Kate Robertson be a good addition to the network of akpsi? (will they help with future pledge classes, will they be involved)?",Add any additional comments you may have on Kate Robertson,Lily Bauer/lmb6951,Did you meet this rush?,Did Lily Bauer act appropriately in the given environment?,Did Lily Bauer have goals and aspirations? (did they seem motivated or passionate talking about an experience/anything),Did you enjoy talking to Lily Bauer? (would you have continued the conversation if time didn’t go up/was the rush dry),"Would Lily Bauer be a good addition to the network of akpsi? (will they help with future pledge classes, will they be involved)?",Add any additional comments you may have on Lily Bauer,George Cummings/gwc5271,Did you meet this rush?,Did George Cummings act appropriately in the given environment?,Did George Cummings have goals and aspirations? (did they seem motivated or passionate talking about an experience/anything),Did you enjoy talking to George Cummings? (would you have continued the conversation if time didn’t go up/was the rush dry),"Would George Cummings be a good addition to the network of akpsi? (will they help with future pledge classes, will they be involved)?",Add any additional comments you may have on George Cummings,Frank Brocato/fvb5139,Did you meet this rush?,Did Frank Brocato act appropriately in the given environment?,Did Frank Brocato have goals and aspirations? (did they seem motivated or passionate talking about an experience/anything),Did you enjoy talking to Frank Brocato? (would you have continued the conversation if time didn’t go up/was the rush dry),"Would Frank Brocato be a good addition to the network of akpsi? (will they help with future pledge classes, will they be involved)?",Add any additional comments you may have on Frank Brocato,Landon Kurtz/lwk5255,Did you meet this rush?,Did Landon Kurtz act appropriately in the given environment?,Did Landon Kurtz have goals and aspirations? (did they seem motivated or passionate talking about an experience/anything),Did you enjoy talking to Landon Kurtz? (would you have continued the conversation if time didn’t go up/was the rush dry),"Would Landon Kurtz be a good addition to the network of akpsi? (will they help with future pledge classes, will they be involved)?",Add any additional comments you may have on Landon Kurtz
9/20/2022 21:40:32,dap5908,,Yes,Strongly Disagree,Strongly Disagree,Strongly Disagree,Strongly Disagree,,,Yes,Neutral,Neutral,Disagree,Disagree,,,Yes,Strongly Agree,Strongly Agree,Strongly Agree,Strongly Agree,,,Yes,Neutral,Strongly Disagree,Strongly Disagree,Strongly Disagree,,,Yes,Neutral,Strongly Disagree,Strongly Disagree,Strongly Disagree,,,No,,,,,,,No,,,,,,,Yes,Neutral,Strongly Disagree,Strongly Disagree,Strongly Disagree,,,No,,,,,,,No,,,,,,,No,,,,,,,No,,,,,,,No,,,,,,,No,,,,,,,Yes,Strongly Disagree,Strongly Disagree,Strongly Disagree,Strongly Disagree,,,Yes,Neutral,Strongly Disagree,Strongly Disagree,Strongly Disagree,,,Yes,Agree,Agree,Agree,Agree,,,Yes,Agree,Agree,Agree,Agree,,,Yes,Strongly Agree,Strongly Agree,Strongly Agree,Strongly Agree,,,Yes,Neutral,Neutral,Disagree,Disagree,,,Yes,Strongly Agree,Strongly Agree,Strongly Agree,Strongly Agree,,,No,,,,,,,Yes,Strongly Agree,Strongly Agree,Strongly Agree,Strongly Agree,,,Yes,Neutral,Strongly Disagree,Strongly Disagree,Strongly Disagree,,,Yes,Neutral,Disagree,Strongly Disagree,Strongly Disagree,,,No,,,,,,,No,,,,,,,No,,,,,,,Yes,Neutral,Strongly Disagree,Strongly Disagree,Strongly Disagree,,,Yes,Neutral,Strongly Disagree,Strongly Disagree,Strongly Disagree,,,Yes,Neutral,Agree,Neutral,Neutral,,,Yes,Strongly Agree,Strongly Agree,Strongly Agree,Strongly Agree,,,No,,,,,,,Yes,Strongly Agree,Strongly Agree,Strongly Agree,Strongly Agree,,,Yes,Agree,Agree,Agree,Agree,,,No,,,,,,,Yes,Neutral,Strongly Disagree,Strongly Disagree,Strongly Disagree,,,Yes,Strongly Agree,Strongly Agree,Strongly Agree,Strongly Agree,
9/20/2022 21:40:41,egl5099,,No,,,,,,,No,,,,,,,Yes,Strongly Agree,Strongly Agree,Strongly Agree,Strongly Agree,,,Yes,Disagree,Disagree,Disagree,Disagree,,,No,,,,,,,No,,,,,,,No,,,,,,,No,,,,,,,Yes,Strongly Agree,Agree,Strongly Agree,Neutral,,,No,,,,,,,No,,,,,,,No,,,,,,,No,,,,,,,Yes,Strongly Agree,Strongly Agree,Strongly Agree,Strongly Agree,,,No,,,,,,,No,,,,,,,No,,,,,,,No,,,,,,,No,,,,,,,No,,,,,,,No,,,,,,,No,,,,,,,No,,,,,,,No,,,,,,,No,,,,,,,No,,,,,,,Yes,Agree,Agree,Neutral,Neutral,,,No,,,,,,,Yes,Strongly Agree,Strongly Agree,Strongly Agree,Strongly Agree,,,No,,,,,,,No,,,,,,,No,,,,,,,No,,,,,,,No,,,,,,,No,,,,,,,No,,,,,,,No,,,,,,,Yes,Agree,Agree,Agree,Agree,
9/20/2022 21:42:38,lah5991,,Yes,Agree,Agree,Agree,Agree,,,Yes,Agree,Agree,Agree,Agree,,,Yes,Strongly Agree,Strongly Agree,Strongly Agree,Strongly Agree,This girl deserves to be in,,No,,,,,,,No,,,,,,,Yes,Agree,Agree,Agree,Agree,,,Yes,Agree,Agree,Agree,Agree,,,Yes,Agree,Agree,Agree,Agree,,,No,,,,,,,No,,,,,,,No,,,,,,,Yes,Agree,Neutral,Neutral,Neutral,,,Yes,Agree,Agree,Agree,Agree,,,No,,,,,,,Yes,Neutral,Neutral,Neutral,Neutral,,,Yes,Agree,Agree,Neutral,Neutral,,,No,,,,,,,Yes,Agree,Agree,Neutral,Neutral,,,Yes,Strongly Agree,Strongly Agree,Strongly Agree,Strongly Agree,"best convos of rush, no reason why she shouldn't get in",,No,,,,,,,Yes,Agree,Agree,Agree,Agree,,,No,,,,,,,Yes,Strongly Agree,Strongly Agree,Strongly Agree,Strongly Agree,,,No,,,,,,,Yes,Strongly Agree,Strongly Agree,Strongly Agree,Strongly Agree,he needs to be in,,Yes,Agree,Agree,Agree,Agree,,,No,,,,,,,No,,,,,,,Yes,Strongly Agree,Strongly Agree,Strongly Agree,Strongly Agree,,,No,,,,,,,Yes,Strongly Agree,Strongly Agree,Strongly Agree,Strongly Agree,will riot if this kid does not get in,,Yes,Agree,Agree,Agree,Agree,,,Yes,Agree,Agree,Agree,Agree,,,Yes,Agree,Agree,Neutral,Neutral,,,Yes,Agree,Agree,Neutral,Neutral,,,Yes,Agree,Agree,Neutral,Neutral,,,Yes,Agree,Neutral,Disagree,Disagree,,,No,,,,,
9/20/2022 21:42:39,oba5080,,Yes,Agree,Agree,Agree,Agree,,,Yes,Agree,Agree,Agree,Agree,,,Yes,Strongly Agree,Strongly Agree,Strongly Agree,Strongly Agree,,,No,,,,,,,No,,,,,,,Yes,Agree,Agree,Agree,Agree,,,Yes,Agree,Agree,Agree,Agree,,,Yes,Agree,Agree,Agree,Agree,,,No,,,,,,,No,,,,,,,No,,,,,,,No,,,,,,,Yes,Agree,Agree,Agree,Agree,,,No,,,,,,,No,,,,,,,No,,,,,,,No,,,,,,,No,,,,,,,No,,,,,,,No,,,,,,,No,,,,,,,No,,,,,,,No,,,,,,,No,,,,,,,Yes,Agree,Agree,Agree,Agree,,,No,,,,,,,No,,,,,,,Yes,Agree,Agree,Agree,Agree,,,No,,,,,,,No,,,,,,,No,,,,,,,Yes,Neutral,Neutral,Neutral,Neutral,,,No,,,,,,,Yes,Neutral,Neutral,Neutral,Neutral,,,No,,,,,,,No,,,,,,,No,,,,,,,Yes,Agree,Agree,Agree,Agree,
9/20/2022 21:42:44,ypj5115,,Yes,Agree,Agree,Agree,Agree,,,No,,,,,,,Yes,Agree,Agree,Agree,Agree,,,Yes,Agree,Neutral,Neutral,Neutral,,,Yes,Agree,Agree,Agree,Agree,,,Yes,Agree,Agree,Agree,Agree,,,No,,,,,,,Yes,Agree,Agree,Agree,Agree,,,No,,,,,,,Yes,Agree,Neutral,Disagree,Disagree,,,No,,,,,,,No,,,,,,,Yes,Agree,Agree,Agree,Agree,,,Yes,Agree,Agree,Agree,Agree,,,Yes,Agree,Agree,Neutral,Neutral,,,No,,,,,,,No,,,,,,,Yes,Agree,Agree,Agree,Agree,,,No,,,,,,,No,,,,,,,No,,,,,,,Yes,Agree,Agree,Agree,Agree,,,Yes,Strongly Agree,Strongly Agree,Strongly Agree,Strongly Agree,,,No,,,,,,,Yes,Strongly Agree,Strongly Agree,Strongly Agree,Strongly Agree,,,No,,,,,,,No,,,,,,,No,,,,,,,No,,,,,,,No,,,,,,,No,,,,,,,Yes,Agree,Agree,Agree,Agree,,,Yes,Agree,Agree,Agree,Agree,,,Yes,Agree,Agree,Disagree,Neutral,,,Yes,Agree,Agree,Agree,Agree,,,No,,,,,,,No,,,,,,,No,,,,,
9/20/2022 21:43:18,svg5808,,No,,,,,,,No,,,,,,,Yes,Strongly Agree,Strongly Agree,Strongly Agree,Strongly Agree,,,No,,,,,,,No,,,,,,,No,,,,,,,No,,,,,,,No,,,,,,,Yes,Strongly Agree,Strongly Agree,Strongly Agree,Agree,,,No,,,,,,,No,,,,,,,Yes,Strongly Agree,Strongly Agree,Neutral,Neutral,,,No,,,,,,,No,,,,,,,No,,,,,,,No,,,,,,,Yes,Neutral,Neutral,Neutral,Neutral,,,No,,,,,,,No,,,,,,,No,,,,,,,No,,,,,,,No,,,,,,,Yes,Agree,Agree,Agree,Agree,,,No,,,,,,,No,,,,,,,No,,,,,,,Yes,Strongly Agree,Neutral,Disagree,Disagree,,,Yes,Strongly Agree,Strongly Agree,Strongly Agree,Strongly Agree,,,Yes,Agree,Agree,Disagree,Neutral,,,No,,,,,,,No,,,,,,,No,,,,,,,No,,,,,,,Yes,Agree,Agree,Neutral,Neutral,,,Yes,Strongly Agree,Strongly Agree,Strongly Agree,Strongly Agree,,,No,,,,,,,No,,,,,,,No,,,,,
9/20/2022 21:43:28,jkz5262,,No,,,,,,,No,,,,,,,Yes,Strongly Agree,Strongly Agree,Strongly Agree,Strongly Agree,,,No,,,,,,,Yes,Strongly Agree,Strongly Agree,Strongly Agree,Strongly Agree,,,No,,,,,,,Yes,Agree,Disagree,Disagree,Strongly Disagree,,,Yes,Disagree,Strongly Disagree,Strongly Disagree,Strongly Disagree,,,No,,,,,,,No,,,,,,,No,,,,,,,Yes,Agree,Neutral,Neutral,Neutral,,,Yes,Strongly Agree,Agree,Agree,Neutral,,,No,,,,,,,No,,,,,,,No,,,,,,,Yes,Strongly Agree,Strongly Disagree,Strongly Disagree,Strongly Disagree,,,No,,,,,,,No,,,,,,,No,,,,,,,No,,,,,,,Yes,Strongly Agree,Agree,Agree,Agree,,,Yes,Strongly Agree,Agree,Agree,Agree,,,Yes,Disagree,Neutral,Disagree,Strongly Disagree,,,Yes,Strongly Agree,Agree,Agree,Agree,,,Yes,Strongly Agree,Strongly Agree,Strongly Agree,Strongly Agree,,,No,,,,,,,No,,,,,,,Yes,Strongly Agree,Strongly Agree,Strongly Agree,Strongly Agree,,,No,,,,,,,Yes,Strongly Agree,Strongly Agree,Strongly Agree,Strongly Agree,,,Yes,Strongly Agree,Strongly Disagree,Agree,Neutral,,,Yes,Strongly Agree,Strongly Agree,Strongly Agree,Strongly Agree,,,Yes,Strongly Agree,Neutral,Strongly Disagree,Neutral,,,No,,,,,,,No,,,,,,,No,,,,,,,No,,,,,
9/20/2022 21:44:21,zrn5024,,No,,,,,,,Yes,Strongly Agree,Neutral,Neutral,Neutral,,,No,,,,,,,Yes,Agree,Disagree,Strongly Disagree,Strongly Disagree,Complained to me about other rushes yesterday. Like aight? When did I ask? ,,Yes,Strongly Agree,Strongly Agree,Strongly Agree,Strongly Agree,Stud,,Yes,Agree,Disagree,Strongly Disagree,Disagree,,,No,,,,,,,No,,,,,,,No,,,,,,,No,,,,,,,No,,,,,,,No,,,,,,,No,,,,,,,No,,,,,,,No,,,,,,,Yes,Strongly Agree,Agree,Neutral,Neutral,,,No,,,,,,,No,,,,,,,No,,,,,,,No,,,,,,,Yes,Strongly Agree,Agree,Agree,Agree,,,No,,,,,,,No,,,,,,,Yes,Strongly Agree,Agree,Agree,Agree,,,No,,,,,,,No,,,,,,,No,,,,,,,Yes,Strongly Agree,Strongly Agree,Strongly Agree,Strongly Agree,Beast,,No,,,,,,,No,,,,,,,No,,,,,,,No,,,,,,,No,,,,,,,Yes,Strongly Agree,Strongly Agree,Strongly Agree,Strongly Agree,,,Yes,Strongly Agree,Strongly Agree,Strongly Agree,Strongly Agree,,,No,,,,,,,No,,,,,,,No,,,,,
9/20/2022 21:47:17,sjc6479,,No,,,,,,,No,,,,,,,Yes,Strongly Agree,Strongly Agree,Strongly Agree,Strongly Agree,,,No,,,,,,,No,,,,,,,No,,,,,,,No,,,,,,,No,,,,,,,Yes,Strongly Agree,Agree,Agree,Neutral,,,No,,,,,,,Yes,Strongly Agree,Strongly Agree,Strongly Agree,Strongly Agree,,,No,,,,,,,Yes,Strongly Agree,Strongly Agree,Strongly Agree,Strongly Agree,,,No,,,,,,,No,,,,,,,No,,,,,,,No,,,,,,,Yes,Strongly Agree,Strongly Agree,Strongly Agree,Strongly Agree,,,No,,,,,,,No,,,,,,,No,,,,,,,No,,,,,,,No,,,,,,,No,,,,,,,Yes,Agree,Strongly Agree,Agree,Agree,,,No,,,,,,,Yes,Strongly Agree,Strongly Agree,Neutral,Neutral,,,No,,,,,,,No,,,,,,,No,,,,,,,No,,,,,,,No,,,,,,,No,,,,,,,Yes,Strongly Agree,Strongly Agree,Strongly Agree,Strongly Agree,,,No,,,,,,,No,,,,,,,No,,,,,,,No,,,,,
9/20/2022 21:47:26,ojo5113,,Yes,Agree,Agree,Neutral,Disagree,,,Yes,Strongly Agree,Strongly Agree,Strongly Agree,Agree,,,Yes,Strongly Agree,Strongly Agree,Strongly Agree,Strongly Agree,,,No,,,,,,,No,,,,,,,No,,,,,,,No,,,,,,,Yes,Agree,Disagree,Disagree,Disagree,,,No,,,,,,,No,,,,,,,No,,,,,,,Yes,Agree,Disagree,Disagree,Disagree,,,No,,,,,,,No,,,,,,,No,,,,,,,No,,,,,,,Yes,Agree,Disagree,Disagree,Disagree,,,No,,,,,,,No,,,,,,,No,,,,,,,No,,,,,,,Yes,Agree,Agree,Neutral,Disagree,,,Yes,Strongly Agree,Strongly Agree,Strongly Agree,Strongly Agree,,,No,,,,,,,Yes,Strongly Agree,Strongly Agree,Strongly Agree,Strongly Agree,,,Yes,Agree,Disagree,Disagree,Disagree,,,Yes,Agree,Neutral,Neutral,Neutral,,,No,,,,,,,Yes,Strongly Agree,Agree,Strongly Agree,Strongly Agree,,,No,,,,,,,No,,,,,,,No,,,,,,,No,,,,,,,No,,,,,,,No,,,,,,,No,,,,,,,No,,,,,,,Yes,Strongly Agree,Strongly Agree,Strongly Agree,Strongly Agree,
9/20/2022 21:48:43,975776579,,No,,,,,,,No,,,,,,,No,,,,,,,Yes,Disagree,Disagree,Disagree,Disagree,,,Yes,Agree,Agree,Agree,Agree,,,No,,,,,,,No,,,,,,,No,,,,,,,No,,,,,,,No,,,,,,,No,,,,,,,Yes,Disagree,Disagree,Disagree,Disagree,,,Yes,Agree,Agree,Disagree,Neutral,,,No,,,,,,,No,,,,,,,No,,,,,,,Yes,Agree,Agree,Disagree,Neutral,,,No,,,,,,,No,,,,,,,Yes,Agree,Agree,Disagree,Neutral,,,No,,,,,,,No,,,,,,,Yes,Strongly Agree,Strongly Agree,Strongly Agree,Strongly Agree,,,No,,,,,,,No,,,,,,,No,,,,,,,No,,,,,,,No,,,,,,,Yes,Agree,Agree,Agree,Agree,,,No,,,,,,,No,,,,,,,No,,,,,,,Yes,Strongly Agree,Strongly Agree,Strongly Agree,Strongly Agree,,,Yes,Disagree,Disagree,Disagree,Disagree,,,Yes,Agree,Agree,Agree,Agree,,,No,,,,,,,No,,,,,,,Yes,Strongly Agree,Strongly Agree,Strongly Agree,Strongly Agree,"Very social, effortless conversation, professional goals"
9/20/2022 21:50:07,mac7376,,Yes,Strongly Agree,Strongly Agree,Agree,Agree,,,Yes,Strongly Agree,Agree,Agree,Agree,,,Yes,Strongly Agree,Agree,Agree,Agree,,,No,,,,,,,Yes,Strongly Agree,Agree,Agree,Disagree,,,Yes,Strongly Agree,Disagree,Disagree,Disagree,,,Yes,Strongly Agree,Strongly Disagree,Strongly Disagree,Strongly Disagree,,,Yes,Strongly Agree,Strongly Disagree,Strongly Disagree,Strongly Disagree,,,No,,,,,,,No,,,,,,,No,,,,,,,Yes,Strongly Agree,Disagree,Strongly Disagree,Strongly Disagree,,,No,,,,,,,No,,,,,,,No,,,,,,,No,,,,,,,No,,,,,,,Yes,Strongly Agree,Strongly Agree,Strongly Agree,Strongly Agree,,,Yes,Strongly Agree,Strongly Agree,Strongly Agree,Strongly Agree,,,No,,,,,,,Yes,Strongly Agree,Disagree,Agree,Agree,,,Yes,Strongly Agree,Strongly Agree,Agree,Agree,,,No,,,,,,,Yes,Strongly Agree,Strongly Agree,Agree,Agree,,,No,,,,,,,No,,,,,,,Yes,Strongly Agree,Disagree,Neutral,Neutral,,,No,,,,,,,Yes,Strongly Agree,Neutral,Disagree,Disagree,,,Yes,Strongly Agree,Neutral,Agree,Neutral,,,No,,,,,,,Yes,Strongly Agree,Agree,Agree,Agree,,,Yes,Strongly Agree,Strongly Agree,Agree,Strongly Agree,,,No,,,,,,,No,,,,,,,Yes,Strongly Agree,Strongly Disagree,Disagree,Strongly Disagree,,,No,,,,,,,No,,,,,
9/20/2022 21:55:09,Ses6386,,No,,,,,,,No,,,,,,,Yes,Strongly Agree,Agree,Strongly Agree,Strongly Agree,,,No,Disagree,Disagree,Strongly Disagree,Strongly Disagree,,,Yes,Strongly Agree,Agree,Strongly Agree,Strongly Agree,,,Yes,Agree,Agree,Agree,Agree,,,Yes,Disagree,Neutral,Neutral,Neutral,,,Yes,Strongly Agree,Agree,Strongly Agree,Agree,,,No,,,,,,,Yes,Neutral,Neutral,Neutral,Agree,,,No,,,,,,,Yes,Agree,Disagree,Neutral,Disagree,,,No,,,,,,,Yes,Agree,Strongly Agree,Strongly Agree,Agree,,,No,,,,,,,No,,,,,,,No,,,,,,,Yes,Neutral,Neutral,Disagree,Disagree,,,No,,,,,,,No,,,,,,,Yes,Disagree,Disagree,Disagree,Disagree,,,Yes,Agree,Neutral,Neutral,Agree,,,Yes,Strongly Agree,Agree,Strongly Agree,Agree,,,No,,,,,,,Yes,Neutral,Agree,Neutral,Agree,,,Yes,Neutral,Agree,Neutral,Neutral,,,No,,,,,,,No,,,,,,,Yes,Agree,Agree,Agree,Agree,,,No,,,,,,,Yes,Neutral,Agree,Neutral,Neutral,,,No,,,,,,,Yes,Neutral,Neutral,Agree,Neutral,,,No,,,,,,,No,,,,,,,No,,,,,,,No,,,,,,,No,,,,,
9/20/2022 21:55:11,agp5326,,Yes,Strongly Agree,Strongly Agree,Strongly Agree,Strongly Agree,,,Yes,Strongly Agree,Strongly Agree,Strongly Agree,Strongly Agree,,,Yes,Strongly Agree,Strongly Agree,Strongly Agree,Strongly Agree,,,No,,,,,,,Yes,Strongly Agree,Strongly Agree,Strongly Agree,Strongly Agree,,,No,,,,,,,Yes,Strongly Agree,Strongly Agree,Strongly Agree,Strongly Agree,,,Yes,Strongly Agree,Strongly Agree,Strongly Agree,Strongly Agree,,,Yes,Agree,Agree,Agree,Agree,,,No,,,,,,,Yes,Agree,Agree,Agree,Agree,,,No,,,,,,,No,,,,,,,Yes,Neutral,Neutral,Neutral,Neutral,,,No,,,,,,,Yes,Neutral,Neutral,Neutral,Neutral,,,Yes,Strongly Agree,Strongly Agree,Strongly Agree,Strongly Agree,,,No,,,,,,,Yes,Strongly Agree,Strongly Agree,Strongly Agree,Strongly Agree,,,No,,,,,,,Yes,Disagree,Disagree,Disagree,Disagree,,,No,,,,,,,Yes,Strongly Agree,Strongly Agree,Strongly Agree,Strongly Agree,,,No,,,,,,,Yes,Agree,Agree,Agree,Agree,,,Yes,Agree,Agree,Agree,Agree,,,No,,,,,,,Yes,Neutral,Neutral,Neutral,Disagree,,,Yes,Strongly Agree,Strongly Agree,Strongly Agree,Strongly Agree,,,No,,,,,,,Yes,Agree,Agree,Agree,Agree,,,Yes,Agree,Agree,Agree,Agree,,,Yes,Agree,Agree,Agree,Agree,,,No,,,,,,,Yes,Agree,Agree,Agree,Agree,,,No,,,,,,,Yes,Agree,Agree,Agree,Neutral,,,No,,,,,
9/20/2022 22:01:11,nac5622,,No,,,,,,,Yes,,Agree,Strongly Disagree,Disagree,,,No,,,,,,,Yes,Agree,Agree,Strongly Disagree,Strongly Disagree,,,Yes,Strongly Agree,Agree,Neutral,Agree,,,No,,,,,,,No,,,,,,,No,,,,,,,Yes,Strongly Agree,Agree,Neutral,Neutral,,,No,,,,,,,Yes,Agree,Agree,Neutral,Disagree,,,No,,,,,,,No,,,,,,,No,,,,,,,No,,,,,,,No,,,,,,,No,,,,,,,Yes,Strongly Agree,Strongly Agree,Strongly Agree,Strongly Agree,,,Yes,Strongly Agree,Strongly Agree,Strongly Agree,Strongly Agree,,,Yes,Agree,Agree,Neutral,Neutral,,,Yes,Agree,Agree,Agree,Agree,,,No,,,,,,,No,,,,,,,No,,,,,,,No,,,,,,,No,,,,,,,No,,,,,,,No,,,,,,,Yes,Strongly Agree,Strongly Agree,Strongly Agree,Strongly Agree,,,No,,,,,,,No,,,,,,,No,,,,,,,No,,,,,,,Yes,Strongly Agree,Strongly Agree,Strongly Agree,Strongly Agree,,,No,,,,,,,No,,,,,,,No,,,,,,,No,,,,,
9/20/2022 22:04:43,owl3,,Yes,Strongly Agree,Strongly Agree,Strongly Agree,Strongly Agree,,,Yes,Agree,Agree,Agree,Agree,,,Yes,Strongly Agree,Strongly Agree,Strongly Agree,Strongly Agree,,,Yes,Neutral,Neutral,Neutral,Neutral,,,Yes,Neutral,Neutral,Neutral,Neutral,,,No,,,,,,,Yes,Neutral,Neutral,Neutral,Neutral,,,No,,,,,,,Yes,Neutral,Neutral,Neutral,Neutral,,,No,,,,,,,No,,,,,,,No,,,,,,,No,,,,,,,Yes,Neutral,Neutral,Neutral,Neutral,,,No,,,,,,,Yes,Neutral,Neutral,Neutral,Neutral,,,Yes,Neutral,Neutral,Neutral,Neutral,,,No,,,,,,,Yes,Strongly Agree,Strongly Agree,Strongly Agree,Strongly Agree,,,Yes,Strongly Disagree,Strongly Disagree,Strongly Disagree,Strongly Disagree,,,No,,,,,,,Yes,Agree,Agree,Agree,Agree,,,Yes,Agree,Agree,Agree,Agree,,,Yes,Neutral,Neutral,Neutral,Neutral,,,Yes,Agree,Agree,Agree,Agree,,,No,,,,,,,Yes,Neutral,Neutral,Neutral,Neutral,,,Yes,Strongly Agree,Strongly Agree,Strongly Agree,Strongly Agree,He volunteers as a firefighter and is learning to EMT he is so sick,,No,,,,,,,No,,,,,,,No,,,,,,,No,,,,,,,No,,,,,,,No,,,,,,,No,,,,,,,No,,,,,,,Yes,Strongly Disagree,Strongly Disagree,Strongly Disagree,Strongly Disagree,,,No,,,,,
9/20/2022 22:07:30,amk7007,,Yes,Strongly Agree,Agree,Agree,Agree,,,No,,,,,,,Yes,Strongly Agree,Agree,Agree,Agree,,,No,,,,,,,No,,,,,,,No,,,,,,,No,,,,,,,No,,,,,,,No,,,,,,,No,,,,,,,No,,,,,,,No,,,,,,,No,,,,,,,No,,,,,,,No,,,,,,,Yes,Agree,Agree,Neutral,Disagree,He was cutting off people talking.,,Yes,Agree,Neutral,Neutral,Neutral,,,No,,,,,,,Yes,Agree,Strongly Agree,Agree,Agree,Shared an interesting and personal story of her experience as an International Student from London and her mom's accounting career inspired her to do accounting.,,No,,,,,,,Yes,Strongly Agree,Agree,Agree,Neutral,,,Yes,Strongly Agree,Strongly Agree,Agree,Agree,,,No,,,,,,,No,,,,,,,No,,,,,,,No,,,,,,,No,,,,,,,Yes,Agree,Agree,Agree,Agree,,,Yes,Agree,Neutral,Neutral,Neutral,,,No,,,,,,,No,,,,,,,Yes,Agree,Agree,Agree,Neutral,,,No,,,,,,,No,,,,,,,No,,,,,,,Yes,Agree,Neutral,Neutral,Neutral,,,No,,,,,,,Yes,Agree,Neutral,Agree,Disagree,
9/20/2022 22:13:36,nzc5285,,No,,,,,,,No,,,,,,,Yes,Agree,Agree,Agree,Agree,,,Yes,Neutral,Neutral,Neutral,Neutral,,,Yes,Agree,Agree,Agree,Agree,,,Yes,Neutral,Neutral,Neutral,Neutral,,,Yes,Neutral,Neutral,Neutral,Neutral,,,Yes,Neutral,Neutral,Neutral,Neutral,,,Yes,Neutral,Neutral,Disagree,Disagree,,,Yes,Strongly Agree,Strongly Agree,Strongly Agree,Strongly Agree,like this kid a lot. had a great conversation with him today about his background and what he wants to do with his career. he’s very interested in learning about the org and would be a great addition. also talks to other rushes and tries to engage them in conversation too. ,,Yes,Neutral,Neutral,Disagree,Disagree,too one dimensional. only talks about sports when asked any question (unrelated to sports).,,No,,,,,,,No,,,,,,,Yes,Disagree,Disagree,Disagree,Disagree,,,Yes,Neutral,Neutral,Neutral,Neutral,,,Yes,Neutral,Neutral,Neutral,Neutral,,,Yes,Agree,Agree,Agree,Agree,,,No,,,,,,,No,,,,,,,Yes,Agree,Agree,Agree,Agree,,,No,,,,,,,Yes,Neutral,Neutral,Neutral,Neutral,,,No,,,,,,,No,,,,,,,Yes,Neutral,Neutral,Neutral,Neutral,,,Yes,Neutral,Neutral,Neutral,Neutral,,,No,,,,,,,Yes,Agree,Agree,Agree,Agree,,,Yes,Strongly Agree,Strongly Agree,Strongly Agree,Strongly Agree,fun and interesting person to talk to. very creative and has lots of hobbies outside of his major.,,No,,,,,,,No,,,,,,,No,,,,,,,No,,,,,,,No,,,,,,,Yes,Strongly Agree,Strongly Agree,Strongly Agree,Strongly Agree,shes so cool,,No,,,,,,,Yes,Disagree,Disagree,Disagree,Disagree,,,No,,,,,
9/20/2022 22:17:27,Sry5049,,No,,,,,,,No,,,,,,,No,,,,,,,Yes,Disagree,Disagree,Disagree,Disagree,,,No,,,,,,,No,,,,,,,No,,,,,,,Yes,Agree,Agree,Disagree,Disagree,,,No,,,,,,,No,,,,,,,No,,,,,,,No,,,,,,,No,,,,,,,No,,,,,,,No,,,,,,,No,,,,,,,No,,,,,,,No,,,,,,,No,,,,,,,Yes,Agree,Neutral,Disagree,Disagree,,,No,,,,,,,No,,,,,,,Yes,Agree,Disagree,Disagree,Disagree,,,No,,,,,,,No,,,,,,,No,,,,,,,Yes,Agree,Agree,Neutral,Neutral,,,No,,,,,,,No,,,,,,,No,,,,,,,No,,,,,,,No,,,,,,,Yes,Strongly Agree,Strongly Agree,Agree,Agree,,,No,,,,,,,No,,,,,,,No,,,,,,,No,,,,,,,No,,,,,
9/20/2022 22:18:41,gmk5408,,No,,,,,,,No,,,,,,,Yes,Strongly Agree,Strongly Agree,Strongly Agree,Strongly Agree,,,No,,,,,,,Yes,Strongly Agree,Strongly Agree,Agree,Agree,,,No,,,,,,,No,,,,,,,No,,,,,,,Yes,Strongly Agree,Neutral,Neutral,Neutral,,,Yes,Strongly Agree,Neutral,Neutral,Disagree,,,Yes,Strongly Agree,Agree,Neutral,Neutral,,,No,,,,,,,No,,,,,,,Yes,Strongly Agree,Agree,,Agree,,,No,,,,,,,Yes,Strongly Agree,Agree,Neutral,Neutral,,,Yes,Strongly Agree,Agree,Agree,Agree,,,Yes,Strongly Agree,Strongly Agree,Strongly Agree,Strongly Agree,,,Yes,Strongly Agree,Strongly Agree,Strongly Agree,Strongly Agree,,,Yes,Agree,Neutral,Neutral,Disagree,,,Yes,Strongly Agree,Agree,Neutral,Neutral,,,No,,,,,,,No,,,,,,,No,,,,,,,No,,,,,,,No,,,,,,,No,,,,,,,Yes,Strongly Agree,Strongly Agree,,Strongly Agree,,,No,,,,,,,No,,,,,,,Yes,Strongly Agree,Agree,Agree,Agree,,,Yes,Strongly Agree,Agree,Strongly Agree,Agree,"She went to the same high school as me, and she is nice, but I do not know anything about her academically",,No,,,,,,,Yes,Strongly Agree,Agree,Agree,Neutral,,,Yes,Strongly Agree,Agree,Neutral,Neutral,,,Yes,Strongly Agree,Agree,Strongly Agree,Neutral,"I knew him from high school. He is a nice kid, but I am not sure if he is ready to pledge yet",,No,,,,,,,No,,,,,
9/20/2022 22:22:31,Lpg5176,,No,,,,,,,No,,,,,,,No,,,,,,,Yes,Agree,Disagree,Disagree,Neutral,,,No,,,,,,,Yes,Agree,Agree,Agree,Agree,,,No,,,,,,,No,,,,,,,Yes,Strongly Agree,Strongly Agree,Strongly Agree,Strongly Agree,,,No,,,,,,,No,,,,,,,No,,,,,,,Yes,Agree,Agree,Neutral,Agree,,,No,,,,,,,No,,,,,,,Yes,Agree,Neutral,Neutral,Neutral,,,Yes,Neutral,Agree,Agree,Agree,,,No,,,,,,,No,,,,,,,Yes,Agree,Neutral,Neutral,Neutral,,,No,,,,,,,No,,,,,,,Yes,Agree,Neutral,Neutral,Agree,,,Yes,Agree,Agree,Agree,Agree,,,Yes,Strongly Agree,Agree,Agree,Agree,,,No,,,,,,,Yes,Strongly Agree,Strongly Agree,Strongly Agree,Agree,,,Yes,Strongly Agree,Strongly Agree,Strongly Agree,Agree,,,No,,,,,,,No,,,,,,,No,,,,,,,No,,,,,,,No,,,,,,,Yes,Agree,Agree,Strongly Agree,Agree,,,No,,,,,,,No,,,,,,,No,,,,,,,Yes,Agree,Agree,Neutral,Neutral,
9/20/2022 22:23:07,jmp7649,,No,,,,,,,Yes,Strongly Agree,Strongly Agree,Strongly Agree,Strongly Agree,,,Yes,Strongly Agree,Strongly Agree,Strongly Agree,Strongly Agree,,,No,,,,,,,Yes,Strongly Agree,Strongly Agree,Strongly Agree,Strongly Agree,,,No,,,,,,,Yes,Neutral,Neutral,Neutral,Neutral,,,Yes,Strongly Agree,Agree,Strongly Agree,Agree,,,No,,,,,,,No,,,,,,,Yes,Strongly Agree,Strongly Agree,Strongly Agree,Strongly Agree,,,Yes,Strongly Agree,Agree,Strongly Agree,Agree,,,No,,,,,,,No,,,,,,,Yes,Strongly Agree,Agree,Strongly Agree,Agree,,,Yes,Strongly Agree,Strongly Agree,Strongly Agree,Strongly Agree,,,No,,,,,,,No,,,,,,,No,,,,,,,No,,,,,,,No,,,,,,,No,,,,,,,Yes,Strongly Agree,Strongly Agree,Strongly Agree,Strongly Agree,,,No,,,,,,,Yes,Strongly Agree,Strongly Agree,Strongly Agree,Strongly Agree,,,No,,,,,,,No,,,,,,,No,,,,,,,Yes,Strongly Agree,Agree,Strongly Agree,Strongly Agree,,,No,,,,,,,No,,,,,,,No,,,,,,,Yes,Strongly Agree,Strongly Agree,Strongly Agree,Strongly Agree,,,No,,,,,,,No,,,,,,,No,,,,,,,Yes,Agree,Neutral,Neutral,Neutral,,,No,,,,,
9/20/2022 22:27:58,rbm5480,,Yes,Strongly Agree,Strongly Agree,Strongly Agree,Strongly Agree,,,Yes,Strongly Agree,Strongly Agree,Strongly Agree,Strongly Agree,,,Yes,Strongly Agree,Strongly Agree,Strongly Agree,Strongly Agree,,,No,,,,,,,No,,,,,,,No,,,,,,,Yes,Agree,Agree,Strongly Agree,Agree,,,No,,,,,,,No,,,,,,,Yes,Neutral,Disagree,Disagree,Disagree,,,Yes,Neutral,Neutral,Neutral,Neutral,,,Yes,Neutral,Disagree,Neutral,Neutral,,,No,,,,,,,No,,,,,,,No,,,,,,,No,,,,,,,No,,,,,,,No,,,,,,,No,,,,,,,Yes,Agree,Neutral,Neutral,Neutral,,,No,,,,,,,No,,,,,,,No,,,,,,,No,,,,,,,No,,,,,,,No,,,,,,,No,,,,,,,No,,,,,,,Yes,Strongly Agree,Strongly Agree,Strongly Agree,Strongly Agree,,,No,,,,,,,Yes,Strongly Agree,Strongly Agree,Strongly Agree,Strongly Agree,,,No,,,,,,,No,,,,,,,No,,,,,,,No,,,,,,,No,,,,,,,Yes,Neutral,Neutral,Neutral,Disagree,,,Yes,Strongly Agree,Strongly Agree,Strongly Agree,Strongly Agree,
9/20/2022 22:44:46,mml6076,,No,,,,,,,No,,,,,,,No,,,,,,,No,,,,,,,No,,,,,,,No,,,,,,,No,,,,,,,No,,,,,,,No,,,,,,,No,,,,,,,No,,,,,,,No,,,,,,,No,,,,,,,No,,,,,,,Yes,Agree,Neutral,Strongly Disagree,Strongly Disagree,He just walked into a conversation I was having and just stood there awkwardly and didn't talked even after I paused my conversation with another rush to introduce myself. It just was kinda rude to the other rush in my opinion,,No,,,,,,,No,,,,,,,No,,,,,,,No,,,,,,,No,,,,,,,No,,,,,,,Yes,Strongly Agree,Strongly Agree,Strongly Agree,Strongly Agree,This kid is AWESOME. He was super curious about our network and how he would fit into/add to it. This was my favorite conversation so far I love this kid ,,Yes,Strongly Agree,Strongly Agree,Strongly Agree,Strongly Agree,This is my brother ,,No,,,,,,,Yes,Strongly Agree,Agree,Strongly Agree,Agree,He went to my High School. He is an awesome kid and I think he would make a good brother just needs some fine tuning ,,No,,,,,,,No,,,,,,,Yes,Agree,Neutral,Neutral,Neutral,He just kind of stood next to me and did not talk ,,Yes,Strongly Agree,Strongly Agree,Strongly Agree,Strongly Agree,I really like this kid. He has very high aspirations for himself and this is his second time rushing. He was awesome last year and I feel like he has grown a ton since then,,Yes,Strongly Agree,Strongly Agree,Agree,Strongly Agree,He is a really solid rush and smart kid ,,No,,,,,,,Yes,Strongly Agree,Strongly Agree,Strongly Agree,Strongly Agree,"Super nice and friendly, very fun to talk to. Had aspirations and would be a good addition ",,No,,,,,,,No,,,,,,,No,,,,,,,Yes,Agree,Neutral,Neutral,Neutral,He was not very outgoing and did not talk much despite the fact that it was just me and his roommate and him ,,No,,,,,,,No,,,,,
9/20/2022 23:19:55,ldf5153,,Yes,Neutral,Neutral,Strongly Agree,Neutral,,,Yes,Neutral,Neutral,Neutral,Neutral,,,No,,,,,,,Yes,Disagree,Neutral,Neutral,Neutral,I asked what he was interested in and he mentioned his sports book. not appropriate for the setting in my opinion,,Yes,Agree,Strongly Agree,Neutral,Agree,,,No,,,,,,,No,,,,,,,No,,,,,,,No,,,,,,,No,,,,,,,No,,,,,,,No,,,,,,,No,,,,,,,No,,,,,,,No,,,,,,,No,,,,,,,No,,,,,,,No,,,,,,,No,,,,,,,No,,,,,,,Yes,Agree,Agree,Agree,Agree,,,No,,,,,,,Yes,Agree,Agree,Agree,Agree,,,No,,,,,,,No,,,,,,,Yes,Agree,Agree,Strongly Agree,Agree,,,No,,,,,,,No,,,,,,,Yes,Agree,Agree,Strongly Agree,Agree,,,No,,,,,,,Yes,Agree,Agree,Agree,Agree,,,No,,,,,,,No,,,,,,,No,,,,,,,Yes,Neutral,Disagree,Neutral,Disagree,,,Yes,Neutral,Neutral,Neutral,Neutral,,,Yes,Neutral,Neutral,Disagree,Neutral,,,No,,,,,
9/20/2022 23:24:55,jrd6176,,Yes,Agree,Agree,Neutral,Neutral,,,Yes,Neutral,Neutral,Neutral,Neutral,,,No,,,,,,,No,,,,,,,No,,,,,,,Yes,Agree,Agree,Agree,Neutral,,,No,,,,,,,No,,,,,,,No,,,,,,,No,,,,,,,Yes,Agree,Agree,Neutral,Neutral,,,No,,,,,,,Yes,Agree,Agree,Agree,Agree,,,Yes,Agree,Agree,Agree,Agree,,,Yes,Neutral,Neutral,Disagree,Disagree,,,Yes,Agree,Strongly Agree,Agree,Agree,,,No,,,,,,,Yes,Agree,Agree,Agree,Agree,,,Yes,Agree,Neutral,Neutral,Neutral,,,No,,,,,,,Yes,Agree,Agree,Agree,Agree,,,No,,,,,,,Yes,Agree,Agree,Neutral,Agree,,,Yes,Agree,Agree,Neutral,Neutral,,,Yes,Agree,Agree,Agree,Neutral,,,Yes,Agree,Agree,Agree,Agree,,,No,,,,,,,No,,,,,,,Yes,Strongly Agree,Strongly Agree,Strongly Agree,Strongly Agree,,,No,,,,,,,No,,,,,,,Yes,Agree,Agree,Agree,Agree,,,No,,,,,,,No,,,,,,,No,,,,,,,No,,,,,,,Yes,Neutral,Neutral,Disagree,Neutral,,,No,,,,,
9/21/2022 0:13:14,tcm5414,,Yes,Agree,Neutral,Agree,Neutral,,,No,,,,,,,Yes,Agree,Agree,Agree,Agree,,,No,,,,,,,No,,,,,,,No,,,,,,,No,,,,,,,No,,,,,,,Yes,Neutral,Neutral,Neutral,Neutral,,,No,,,,,,,No,,,,,,,No,,,,,,,Yes,Agree,Agree,Agree,Agree,,,No,,,,,,,No,,,,,,,No,,,,,,,No,,,,,,,No,,,,,,,Yes,Agree,Agree,Agree,Agree,,,No,,,,,,,No,,,,,,,No,,,,,,,Yes,Agree,Agree,Agree,Agree,,,No,,,,,,,No,,,,,,,No,,,,,,,Yes,Agree,Neutral,Neutral,Neutral,,,Yes,Agree,Agree,Agree,Agree,,,Yes,Strongly Agree,Agree,Agree,Agree,,,No,,,,,,,No,,,,,,,No,,,,,,,No,,,,,,,Yes,Agree,Agree,Agree,Agree,,,No,,,,,,,No,,,,,,,No,,,,,,,No,,,,,
9/21/2022 0:13:23,hva5213,,No,,,,,,,Yes,Strongly Agree,Strongly Agree,Agree,Agree,,,Yes,Strongly Agree,Strongly Agree,Strongly Agree,Strongly Agree,,,No,,,,,,,Yes,Neutral,Neutral,Disagree,Disagree,,,Yes,Strongly Agree,Agree,Agree,Agree,,,Yes,Neutral,Strongly Agree,Agree,Agree,,,No,,,,,,,Yes,Agree,Neutral,Agree,Neutral,,,Yes,Neutral,Agree,Neutral,Agree,,,Yes,Agree,Agree,Agree,Agree,,,Yes,Disagree,Neutral,Disagree,Disagree,,,No,,,,,,,No,,,,,,,No,,,,,,,No,,,,,,,No,,,,,,,No,,,,,,,No,,,,,,,No,,,,,,,No,,,,,,,No,,,,,,,Yes,Agree,Neutral,Agree,Neutral,,,Yes,Neutral,Strongly Agree,Agree,Agree,,,No,,,,,,,No,,,,,,,No,,,,,,,Yes,Disagree,Neutral,Disagree,Strongly Disagree,,,No,,,,,,,Yes,Strongly Disagree,Neutral,Disagree,Disagree,,,No,,,,,,,No,,,,,,,No,,,,,,,No,,,,,,,No,,,,,,,No,,,,,,,No,,,,,,,No,,,,,
9/21/2022 0:23:46,hct5072,,No,,,,,,,No,,,,,,,Yes,Strongly Agree,Agree,Agree,Agree,,,Yes,Neutral,Disagree,Strongly Disagree,Disagree,,,Yes,Strongly Agree,Strongly Agree,Strongly Agree,Strongly Agree,,,No,,,,,,,No,,,,,,,No,,,,,,,No,,,,,,,No,,,,,,,No,,,,,,,Yes,Neutral,Neutral,Neutral,Neutral,,,No,,,,,,,No,,,,,,,No,,,,,,,No,,,,,,,No,,,,,,,Yes,Agree,Agree,Agree,Agree,,,No,,,,,,,Yes,Strongly Agree,Strongly Agree,Strongly Agree,Strongly Agree,,,No,,,,,,,No,,,,,,,No,,,,,,,No,,,,,,,Yes,Disagree,Disagree,Disagree,Disagree,,,No,,,,,,,Yes,Agree,Agree,Agree,Agree,,,No,,,,,,,No,,,,,,,No,,,,,,,No,,,,,,,No,,,,,,,No,,,,,,,No,,,,,,,Yes,Strongly Agree,Strongly Agree,Strongly Agree,Strongly Agree,,,No,,,,,,,No,,,,,,,No,,,,,
9/21/2022 0:40:50,afm6261,,Yes,Agree,Agree,Strongly Agree,Agree,,,Yes,Neutral,Neutral,Neutral,Neutral,,,Yes,Strongly Agree,Strongly Agree,Strongly Agree,Strongly Agree,,,Yes,Neutral,Disagree,Strongly Disagree,Strongly Disagree,,,No,,,,,,,No,,,,,,,No,,,,,,,No,,,,,,,No,,,,,,,No,,,,,,,No,,,,,,,Yes,Agree,Agree,Neutral,Agree,,,No,,,,,,,No,,,,,,,No,,,,,,,Yes,Agree,Neutral,Agree,Neutral,,,Yes,Neutral,Agree,Strongly Disagree,Strongly Disagree,,,No,,,,,,,Yes,Agree,Agree,Strongly Agree,Strongly Agree,,,Yes,Agree,Neutral,Disagree,Strongly Disagree,,,No,,,,,,,No,,,,,,,Yes,Agree,Agree,Agree,Neutral,,,No,,,,,,,No,,,,,,,No,,,,,,,No,,,,,,,No,,,,,,,No,,,,,,,No,,,,,,,Yes,Agree,Agree,Agree,Agree,,,No,,,,,,,Yes,Agree,Strongly Agree,Strongly Agree,Strongly Agree,,,No,,,,,,,Yes,Agree,Agree,Agree,Agree,,,No,,,,,,,Yes,Neutral,Neutral,Strongly Disagree,Strongly Disagree,,,No,,,,,
9/21/2022 1:19:22,916476023,,Yes,Agree,Agree,Neutral,Disagree,,,Yes,Strongly Agree,Strongly Agree,Strongly Agree,Strongly Agree,,,Yes,Strongly Agree,Strongly Agree,Strongly Agree,Strongly Agree,,,Yes,Neutral,Neutral,Disagree,Disagree,,,Yes,Strongly Agree,Strongly Agree,Strongly Agree,Strongly Agree,,,No,,,,,,,No,,,,,,,Yes,Neutral,Disagree,Disagree,Disagree,,,Yes,Agree,Neutral,Disagree,Disagree,,,No,,,,,,,No,,,,,,,No,,,,,,,No,,,,,,,No,,,,,,,Yes,Strongly Disagree,Strongly Disagree,Strongly Disagree,Strongly Disagree,,,No,,,,,,,No,,,,,,,Yes,Agree,Agree,Agree,Neutral,,,Yes,Strongly Agree,Strongly Agree,Strongly Agree,Strongly Agree,,,No,,,,,,,Yes,Agree,Agree,Agree,Neutral,,,No,,,,,,,No,,,,,,,Yes,Strongly Agree,Strongly Agree,Strongly Agree,Strongly Agree,,,No,,,,,,,No,,,,,,,No,,,,,,,No,,,,,,,Yes,Agree,Agree,Neutral,Disagree,,,Yes,Agree,Agree,Agree,Disagree,,,Yes,Agree,Agree,Neutral,Neutral,,,No,,,,,,,Yes,Agree,Agree,Neutral,Neutral,,,No,,,,,,,No,,,,,,,No,,,,,,,Yes,Strongly Disagree,Strongly Disagree,Strongly Disagree,Strongly Disagree,,,Yes,Agree,Agree,Neutral,Neutral,
9/21/2022 9:52:04,ajl6398,,No,,,,,,,Yes,Neutral,Neutral,Neutral,Neutral,,,No,,,,,,,No,,,,,,,No,,,,,,,No,,,,,,,No,,,,,,,No,,,,,,,No,,,,,,,Yes,Disagree,Disagree,Strongly Disagree,Disagree,,,No,,,,,,,Yes,Neutral,Neutral,Neutral,Neutral,,,No,,,,,,,No,,,,,,,No,,,,,,,No,,,,,,,No,,,,,,,No,,,,,,,No,,,,,,,Yes,Agree,Agree,Agree,Agree,,,No,,,,,,,No,,,,,,,No,,,,,,,No,,,,,,,Yes,Strongly Agree,Strongly Agree,Strongly Agree,Strongly Agree,✨stud✨,,No,,,,,,,No,,,,,,,No,,,,,,,No,,,,,,,No,,,,,,,No,,,,,,,No,,,,,,,No,,,,,,,No,,,,,,,No,,,,,,,No,,,,,,,Yes,Neutral,Neutral,Neutral,Neutral,,,Yes,Agree,Agree,Agree,Agree,
9/21/2022 10:50:00,ojm5121,,Yes,Agree,Agree,Agree,Agree,,,No,,,,,,,Yes,Strongly Agree,Strongly Agree,Strongly Agree,Strongly Agree,,,No,,,,,,,Yes,Agree,Agree,Agree,Agree,,,No,,,,,,,Yes,Agree,Neutral,Neutral,Agree,,,Yes,Neutral,Agree,Disagree,Disagree,,,No,,,,,,,Yes,Agree,Neutral,Neutral,Neutral,,,No,,,,,,,No,,,,,,,No,,,,,,,Yes,Agree,Neutral,Neutral,Neutral,,,Yes,Agree,Neutral,Neutral,Neutral,,,Yes,Strongly Agree,Strongly Agree,Strongly Agree,Strongly Agree,,,Yes,Agree,Agree,Agree,Neutral,,,Yes,Strongly Agree,Strongly Agree,Strongly Agree,Strongly Agree,,,Yes,Strongly Agree,Strongly Agree,Strongly Agree,Strongly Agree,,,No,,,,,,,Yes,Agree,Agree,Agree,Agree,,,No,,,,,,,Yes,Strongly Agree,Strongly Agree,Strongly Agree,Strongly Agree,,,Yes,Strongly Agree,Strongly Agree,Strongly Agree,Strongly Agree,,,Yes,Agree,Agree,Agree,Agree,,,Yes,Agree,Agree,Agree,Agree,,,No,,,,,,,No,,,,,,,Yes,Agree,Agree,Neutral,Neutral,,,Yes,Agree,Agree,Agree,Agree,,,No,,,,,,,Yes,Strongly Agree,Strongly Agree,Strongly Agree,Strongly Agree,,,No,,,,,,,Yes,Strongly Agree,Strongly Agree,Strongly Agree,Strongly Agree,,,Yes,Strongly Agree,Strongly Agree,Strongly Agree,Strongly Agree,,,No,,,,,,,Yes,Agree,Agree,Neutral,Neutral,,,No,,,,,
9/21/2022 11:36:26,aps6517,,No,,,,,,,No,,,,,,,Yes,Agree,Agree,Agree,Agree,,,No,,,,,,,No,,,,,,,Yes,Agree,Agree,Agree,Agree,,,No,,,,,,,No,,,,,,,No,,,,,,,Yes,Agree,Agree,Agree,Agree,,,No,,,,,his pants were so big i wanted to give him a hug,,Yes,Neutral,Neutral,Neutral,Neutral,,,Yes,Agree,Agree,Agree,Agree,,,No,,,,,,,Yes,Neutral,Neutral,Neutral,Neutral,but hes just so sweet and happy,,Yes,Agree,Agree,Neutral,Neutral,idk what it is about this kid he seems enthusiastic but like doesnt blink when you talk to him so i think thats what freaked me out,,Yes,Agree,Agree,Agree,Agree,"very engaging and personable, was including the other rushes and was easy to talk to",,Yes,Agree,Agree,Agree,Agree,,,No,,,,,,,No,,,,,,,Yes,Agree,Agree,Agree,Agree,,,No,,,,,,,Yes,Agree,Agree,Agree,Agree,"asked about thon, very engaged seems like an FR person",,No,,,,,,,Yes,Agree,Agree,Agree,Agree,,,No,,,,,,,No,,,,,,,No,,,,,,,No,,,,,,,No,,,,,,,Yes,Agree,Agree,Agree,Agree,,,No,,,,,,,Yes,Agree,Agree,Agree,Agree,really liked talking to this kid was very engaging had good questions and seemed like a little cutie excited puppy ready to take akpsi on,,No,,,,,,,No,,,,,,,No,,,,,,,No,,,,,,,No,,,,,
9/21/2022 12:38:22,kzw5503,,No,,,,,,,No,,,,,,,Yes,Agree,Agree,Agree,Agree,,,No,,,,,,,No,,,,,,,No,,,,,,,No,,,,,,,No,,,,,,,Yes,Agree,Agree,Agree,Agree,,,Yes,Neutral,Disagree,Disagree,Disagree,,,No,,,,,,,No,,,,,,,No,,,,,,,No,,,,,,,No,,,,,,,No,,,,,,,No,,,,,,,No,,,,,,,No,,,,,,,No,,,,,,,No,,,,,,,Yes,Agree,Agree,Strongly Agree,Strongly Agree,,,No,,,,,,,No,,,,,,,No,,,,,,,No,,,,,,,Yes,Agree,Agree,Agree,Agree,,,Yes,Strongly Agree,Strongly Agree,Strongly Agree,Strongly Agree,,,No,,,,,,,No,,,,,,,Yes,Strongly Agree,Strongly Agree,Strongly Agree,Strongly Agree,,,No,,,,,,,No,,,,,,,No,,,,,,,No,,,,,,,No,,,,,,,Yes,Disagree,Neutral,Strongly Disagree,Strongly Disagree,,,No,,,,,
9/21/2022 12:40:47,tvs5625,,No,,,,,,,No,,,,,,,No,,,,,,,Yes,Agree,Agree,Agree,Neutral,,,No,,,,,,,No,,,,,,,No,,,,,,,No,,,,,,,No,,,,,,,No,,,,,,,No,,,,,,,No,,,,,,,No,,,,,,,No,,,,,,,No,,,,,,,No,,,,,,,No,,,,,,,No,,,,,,,No,,,,,,,No,,,,,,,No,,,,,,,No,,,,,,,Yes,Agree,Agree,Agree,Agree,,,No,,,,,,,No,,,,,,,No,,,,,,,No,,,,,,,No,,,,,,,No,,,,,,,No,,,,,,,No,,,,,,,No,,,,,,,No,,,,,,,No,,,,,,,No,,,,,,,No,,,,,,,No,,,,,,,No,,,,,
9/21/2022 12:45:25,alc6605,,Yes,Agree,Agree,Agree,Neutral,,,No,,,,,,,Yes,Agree,Agree,Agree,Agree,I think shes in the fund i could be very wrong tho,,No,,,,,,,Yes,Agree,Strongly Agree,Agree,Agree,,,No,,,,,,,Yes,Neutral,Agree,Neutral,Neutral,,,Yes,Agree,Neutral,Neutral,Neutral,,,No,,,,,,,Yes,Agree,Agree,Neutral,Neutral,,,No,,,,,,,No,,,,,,,No,,,,,,,No,,,,,,,No,,,,,,,No,,,,,,,No,,,,,,,No,,,,,,,Yes,Agree,Strongly Agree,Agree,Agree,Valid,,No,,,,,,,No,,,,,,,No,,,,,,,Yes,Agree,Agree,Agree,Agree,,,Yes,Agree,Neutral,Disagree,Neutral,Smart but kinda weird,,Yes,Agree,Agree,Agree,Agree,"Good energy, happy to be here",,No,,,,,,,No,,,,,,,Yes,Agree,Strongly Agree,Strongly Agree,Agree,Hes a fireman at home and and EMT here at school. Definitely a good dude enjoyed talking to him,,No,,,,,,,No,,,,,,,Yes,,,,,,,No,,,,,,,Yes,Agree,Agree,Agree,Neutral,He brought good energy and was happy to be here,,No,,,,,,,No,,,,,,,Yes,Neutral,Neutral,Neutral,Neutral,Kinda dry kinda weird but also not bad,,Yes,Agree,Neutral,Neutral,Neutral,Decent just loves New York,,No,,,,,
9/21/2022 13:23:17,rkn5124,,No,,,,,,,Yes,Agree,Strongly Agree,Strongly Agree,Strongly Agree,,,Yes,Agree,Agree,Agree,Agree,,,Yes,Strongly Disagree,Strongly Disagree,Strongly Disagree,Strongly Disagree,,,No,,,,,,,No,,,,,,,Yes,Agree,Neutral,Neutral,Neutral,,,No,,,,,,,Yes,Agree,Disagree,Neutral,Neutral,,,No,,,,,,,No,,,,,,,Yes,Agree,Disagree,Disagree,Disagree,,,No,,,,,,,No,,,,,,,No,,,,,,,No,,,,,,,Yes,Agree,,,,,,No,,,,,,,No,,,,,,,No,,,,,,,No,,,,,,,No,,,,,,,No,,,,,,,No,,,,,,,Yes,Agree,Strongly Agree,Strongly Agree,Strongly Agree,,,Yes,Agree,Neutral,Neutral,Agree,,,No,,,,,,,Yes,Strongly Disagree,Strongly Disagree,Strongly Disagree,Strongly Disagree,,,Yes,Neutral,Neutral,Neutral,Agree,,,No,,,,,,,No,,,,,,,No,,,,,,,No,,,,,,,No,,,,,,,Yes,Agree,Neutral,Disagree,Disagree,,,No,,,,,,,Yes,Strongly Disagree,Strongly Disagree,Strongly Disagree,Strongly Disagree,,,No,,,,,
9/21/2022 14:01:26,sur450,,No,Neutral,Neutral,Neutral,Neutral,,,No,Neutral,Neutral,Neutral,Neutral,,,Yes,Strongly Agree,Strongly Agree,Strongly Agree,Strongly Agree,,,No,Neutral,Neutral,Neutral,Neutral,,,Yes,Agree,Agree,Agree,Agree,,,Yes,Neutral,Disagree,Disagree,Disagree,,,No,Neutral,Neutral,Neutral,Neutral,,,Yes,Agree,Disagree,Disagree,Disagree,,,No,Neutral,Neutral,Neutral,Neutral,,,No,Neutral,Neutral,Neutral,Neutral,,,No,Neutral,Neutral,Neutral,Neutral,,,Yes,Neutral,Disagree,Disagree,Disagree,,,Yes,Neutral,Disagree,Strongly Disagree,Strongly Disagree,,,No,Neutral,Neutral,Neutral,Neutral,,,No,Neutral,Neutral,Neutral,Neutral,,,Yes,Agree,Disagree,Disagree,Disagree,,,Yes,Agree,Agree,Agree,Neutral,,,Yes,Agree,Agree,Agree,Agree,,,No,Neutral,Neutral,Neutral,Neutral,,,Yes,Agree,Disagree,Disagree,Disagree,,,Yes,Agree,Agree,Agree,Agree,,,Yes,Strongly Agree,Strongly Agree,Strongly Agree,Strongly Agree,,,No,Neutral,Neutral,Neutral,Neutral,,,No,Neutral,Neutral,Neutral,Neutral,,,No,Neutral,Neutral,Neutral,Neutral,,,Yes,Agree,Agree,Agree,Agree,,,No,Neutral,Neutral,Neutral,Neutral,,,No,Neutral,Neutral,Neutral,Neutral,,,Yes,Agree,Disagree,Disagree,Disagree,,,No,Neutral,Neutral,Neutral,Neutral,,,No,Neutral,Neutral,Neutral,Neutral,,,Yes,Agree,Disagree,Disagree,Disagree,,,No,Neutral,Neutral,Neutral,Neutral,,,Yes,Agree,Disagree,Disagree,Disagree,,,No,Neutral,Neutral,Neutral,Neutral,,,No,Neutral,Neutral,Neutral,Neutral,,,No,Neutral,Neutral,Neutral,Neutral,,,Yes,Agree,Disagree,Disagree,Disagree,
9/21/2022 14:29:20,avk5966,,Yes,Agree,Agree,Disagree,Neutral,,,Yes,Agree,Agree,Strongly Agree,Agree,,,No,,,,,,,No,,,,,,,No,,,,,,,No,,,,,,,No,,,,,,,No,,,,,,,No,,,,,,,No,,,,,,,No,,,,,,,No,,,,,,,No,,,,,,,No,,,,,,,No,,,,,,,No,,,,,,,No,,,,,,,No,,,,,,,No,,,,,,,No,,,,,,,No,,,,,,,No,,,,,,,No,,,,,,,No,,,,,,,No,,,,,,,No,,,,,,,No,,,,,,,No,,,,,,,No,,,,,,,No,,,,,,,No,,,,,,,No,,,,,,,No,,,,,,,No,,,,,,,No,,,,,,,No,,,,,,,No,,,,,,,No,,,,,